Administration,Childcare,Customer service,Education,Entertainment,Finance/accounting,Graphic design,Hospitality,Human resources,Information technology,Legal,Manufacturing,Marketing,Nonprofit,Nursing,Real estate,Social work,Software development,Travel/tourism,Writing/editing
Accounts payable,Active listening,Account management,Academic goals,Adobe Creative Cloud,Accounts payable,Adobe After Effects,Amenities,ADA,AI,Adjudication,Accident prevention,Account management,Advocacy,Acute,Acquisition,Abuse,3D modeling,Airline experience,Adherence to deadlines
Account receivables,Activity coordination,Account representative,Active learning,Advertising,Accounts receivable,Adobe Creative Cloud,Attention to detail,Administration,Application-development,Administrative law,Agile,Adobe Creative Cloud,Agency,Acute care,Appraised,Action plan,Agile,Apollo,Adobe Creative Cloud
Administrative processes,Activity planning,Active listening,Advised,Art direction,Ad-hoc analysis,Adobe InDesign,Back of house,Americans with Disabilities Act,Applications,Affidavits,Assembly,Advertising,Board of directors,Acute care facility,Asset management,Addiction,Algorithms,Attention to detail,Analyzed
Billing,Age-appropriate,Adaptability,Benchmarks,Avid,Analytical skills,Adobe Illustrator,Back-of-house operations,Applicant Tracking System,Architecture,Bar,Business processes,Analytics,Budgeted,Adaptability,Bidding,Adoption,Analysis,Booked travel,Attention to detail
Bookkeeping,Age groups,Attention to detail,Blended learning,Award-winning,Analytics,Adobe Photoshop,Back office,Assessments,Business analysis,Breach of contract,Cargo,Benchmark,Campaign,Administrator,Building code compliance,Advocated,Android development,Booking arrangements,Background research
Budgeting,Attention to detail,Call center,Classroom management,Casting,Asset management,Advertising,Back-office operations,ATS,Business continuity,Briefs,Carrier,Brand awareness,Community building,Administrative,Code compliance,After care,APIs,Business development,Blogging
Calendaring,Behavior,Call center management,Collaborated,Client focus,Auditing,Agency experience,Banquet operations,Benefits,Business support,Case law,Compliance,Branded content,Community outreach,Advocate,Commercial development,Anxiety,Application,Business travel,Brainstormed
Client communications,Caring ,Client communication,Course design,Collaborated,Budget management,Animation,Banquets,Benefits administration,Cloud computing,Case management,Contract,Budgeting,Conducted research,Assertive,Commercial project,Behavior analysis,Application scaling,Client satisfaction,Branded content
Clerical support,Child psychology,Client needs,Cross-curricular,Communication skills,Budgeting,Art,Budgeting,Benefits management,Cloud networking,Case strategy,Control,Business analytics,Coordinated donations,Assisted living,Commercial property,Behavior management,Apps,Computer Reservation System,CMS
Communication,Child welfare,Client relationships,Curriculum design,Composite,Business acumen,Banner ads,Catering,Career pathing,Compatibility ,Civil settlement,Coordinated,Business intelligence,Corporate giving,Certified,Competitive billing,Behavioral,Architecture,Corporate travel,Communication skills
Compliance,Childcare experience,Conflict resolution,Curriculum development,Contract management,Business administration,Brand consistency,Catering coordination,Change management,Compliance,Client management,Coordinated logistics,Business plans,Corporate giving program,Clinic,Construction,BIRP Notes,Artificial intelligence/AI,Customer service,Consulting
Conflict resolution,Childcare provider,Customer communication,Curriculum knowledge,Coordinated,BusinessObjects,Branding,Catering operations,Claims administration,Cybersecurity,Commercial litigation,Dispatch operations,CMS,Developed,Clinical services,Construction project,Care,Back-end development,Customized travel,Content management
Contract support,Close supervision,Customer needs,Differentiated instruction,Creative assets,Compliance,Brochure design,Client needs,Company policies,Data,Compliance,Distribution,Communication,Development,Coordinated,Development project,Case management,Back-end framework,Detail-oriented,Content writing
Customer service,Communication,Customer retention,Digital literacy,Creative ideas,Corporate finance,Campaign,Client relations,Company policy development,Data analysis,Conflict resolution,Distribution management,Competitive analysis,Donations,Coordinated patient care,Divestiture,Casework,Coding languages,Destination,Copy edited
Data entry,Comfort,Customer relationships,Discipline,Creativity,Cost analysis,Client relationships,Client satisfaction,Compensation,Datacenter,Consulting,Distribution operations,Content management,Endowment,Critical thinking,Due diligence,CBT,Compliance,Dispatch,Created outlines
Database management,Compassion,Customer satisfaction,Diverse,Demo reel,Cost/benefit analysis,Collateral,Club management,Contract negotiation,Data recovery,Contract law,Driver,Content marketing,Foundation,Emotional intelligence,Industrial,Clinic,Computer science,Effective communication,Creative thinking
Desktop publishing,CPR-certified,Customer support,Dynamic,Demos,CPA,Color,Collaboration,Corporate events,Database,Corporate law,Engineering,CRM,Funding,ER nurse,Lead generation,Clinical,Continuous integration,Efficient,Creative writing
Detail-oriented,Daycare,Database management,English literacy,Design specifications,Data analysis,Color theory,Concierge,Corporate policy,Desktop support,Criminal law,Equipment,Customer base,Funded,Home care,Lease,Compliance,CSS,Emergency planning,Critical thinking
Drafted,Decision-making,Detail-oriented,ESL,Digital media,Data interpretation,Composition,Convention planning,Culture change,Disaster recovery,Criminology,Equipment purchasing,Customer engagement,Fundraising,Inpatient,Lease agreement,Compliant,Cybersecurity,GDS,Digital articles
Efficient,Dedicated,Dispute resolution,Evidence-based teaching,Engaged viewers,Data management,Concept,Corporate communications,Diversity initiatives,End-user,Data mining,Exported,Customer feedback,Fundraising efforts,Licensed,Licensed,Consulted,Database,Geographic locations,Digital media
Employee training,Development,Empathy,Growth mindset,Ensured accuracy,Financial analysis,Conceptualization,CRS,Diversity program,Engineering,Deposition,Facilities management,Customer relations,Grant,Licensed practical nurse,Managed,Continuity of care,Database administration,GPS,Editorial oversight
Excel,Discipline,Inventory ,Holistic learning,Entertainment materials,Financial data,Creative,Customer experience,EEOC,Firewall,Discovery,Fleet,Data analytics,Grant writing,Life support,Marketing,Counseling,Debugging,Hospitality,Ensured accuracy
Executed,Early childhood,Key accounts,Hybrid learning,Film editing,Financial forecasting,CSS,Customer service,Employee development program,Hardware,Drafted,Fleet management,Data-driven,Grassroots,Long-term care,Marketing analysis,Depression,DevOps,Interpersonal skills,Ensured consistency
Expense reports,Early childhood education,Knowledgebase,Inclusion,Final Cut,Financial modeling,Detail-oriented,Event planning,Employee incentive program,IaaS,Due diligence,Freight,Digital advertising,Managed campaigns,Managed,Marketing campaigns,Disability,Documentation,Itinerary management,Fact-checked
Filing system,Educational programming,Loss prevention,Inclusive teaching,Idea generation,Financial performance,Digital ads,Facility management,Employee orientation,Information systems,Family law,Implemented processes,Digital campaign,Member services,Managed care,Negotiation skills,Domestic violence,Full-stack development,Language,Feature writing
Invoicing,Emotional support,Loyalty,Individual assistance,Innovative ideas,Financial policy,Digital campaigns,Fast-paced environment,Employee relations,Local areas network,Fraud,Imported,Digital marketing,Members,Medical records,Occupancy,Eating disorder,Framework,Language fluency,Grammatical skills
Kept minutes,First Aid-certified,Managed,Individualized instruction,Location scouting,Financial reporting,Digital design,Food and beverage,Employee surveys,Machine learning,Immigration law,Infrastructure,Distribution,Member communications,Nurse practitioner,Office space,Emergency care,Front-end development,Logistics,Infographics
Meeting coordination,Giving direction,Open-minded,Interactive,Motivated talent,Forecasting,Dreamweaver,Food safety,Harassment training,Network,Insurance,Inventory management,Email marketing,Mission statement,Nursing protocols,Property developer,Geriatric,Hardware,Multitasking,Interviewed
Microsoft Office,Homework help,Order fulfillment,Instructional continuity,Planned,Identified trends,Graphics,Front of house,Hiring process,Network administration,Intellectual property,Load,Google Analytics,Non-government agency,OR nurse,Property development,Harm reduction,HTML,Project management,Magazine writing
Office administration,Infant care,Order processing,Interdisciplinary approach,Post-production,Interpersonal communication,HTML,Guest relations,Interpersonal skills,Network engineering,Judicial,Load analysis,Keyword research,Not-for-profit,Outpatient,Property project,Inpatient,iOS development,Researched destinations,Multiple styles
Office management,Instruction for children,Organized,Learning outcomes,Produced,Interpersonal skills,Illustration,Guest retention,Job applicant,Networking,Judicial ruling,Logistics,Market research,Oral communication,Patient,Property investment,Intervention,Java,Research skills,Multiple tones
Operations management,Instructional skills,Patience,Lesson plans,Production coordination,Investor relations,Interpersonal skills,Hospitality management,Job candidate,Operations,Law clerk,Maintenance,Marketing analytics,Organization,Patient care,Real estate appraisal ,Licensed,JavaScript,Sabre,Newsletter editing
Organized,Interpersonal skills,Process simplification,Lifelong learning,Production meetings,Investment management,Imaging,Hotel operations,Organizational skills,Project management,Legal advocacy,Material handling,Marketing manager,Organizational change,Patient comfort,Real estate due diligence,LCSW,Load,Scheduled,Online platforms
Outlook,K-12,Process standardization,Literacy,Professional editing,Operations,Layout,Interpersonal skills,Performance reviews,Protections,Legal dispute,Operating expenses,Marketing plans,Oversaw budgeting,Patient relationships,Real estate landscape,Licensed clinical social worker,Linux,Social media,Outlined
Performance,Learning,Records management,Mentored,Professional production,Oral communication,Logo design,Inventory planning,Personal development,Programming,Legal documents,Operations,Marketing strategies,Policy,Pediatric nurse,Real estate license,Licensed social worker,Object-oriented,Supervisory,Print articles
Phone etiquette ,Learning environment,Relationship management,Multicultural,Project management skills,P&L,Marketing,Occupancy,Performance incentives,Remote access,Legal research,Plant management,Media campaign,Policy development,Practiced,Realtor,LSW,QA engineering,Tourism,Project management
Productivity,Oral communication,Responsive,Parent-teacher,Reduced costs,Presentation skills,Marketing campaign,Operations,Professional development program,Remote operations,Legal review,Prevention,Media relations,Programming,Preventative,Renovation,Managed care,QA testing,Tourist destinations,Proofread
PowerPoint,Patience,Sales administration,Personalized learning,Reel,Problem-solving,Media,People skills,Promotions,Remote work,Legal standards,Process management,P&L,Policy writing,Provider,Residential development,Mental health,Quality assurance,Traffic planning,Reading comprehension
Problem-solving,Personal relationships,Sales benchmarks,Positive learning,Research skills,Quality assurance,Newsletter design,Personable,Recruited,SaaS,Legislation,Production,Positioned,Public relations,Psychiatric nurse,Residential home,OCD,Quality control,Transportation logistics,Reported
Resource management,Playtime,Sales goals,Program development,Retouching,Quality management,Photography,Personal attention,Recruitment program,Security,Liability,Production lines,Product development,Researched,Psychology,Residential land,Outpatient,Produced,Transportation provider,Research
Quality control,Positive development,Sales training,Readiness,Setups,Reconciled,Portfolio,Purchasing,Senior management,Server,Litigate,Productivity,Product launch,Sponsored,Quality of care,Residential property,Preventative,Programming languages,Transportation services,Revised
QuickBooks,Problem-solving,Service delivery,Special needs,Special effects,Requirements analysis,Print design,Relationship-building,Skills deficiencies,Server maintenance,Litigation,Project management,Product management,Sponsorships,Registered nurse,Return on investment,Psychiatry,Python,Travel arrangements,Rhetorical devices
Research skills,Relationship-building,Sourced,Student-centered,Storyboarding,Research skills,Product design,Sales growth,Skills gaps,Startup,Managed paralegals,Purchasing,Product positioning,Strategic planning,Rehabilitation,Sales,Psychology,Scripting,Travel budgeting,SEO-optimized
SalesForce,Responsible,Strategic business goals,Student outcomes,Supervised,Risk management,Production,Scheduling,Staff training,Systems acquisition,Negotiation,Quality assurance,Project management,Vision,RN,Site development,Psychosocial,Security,Travel documentation,Social media
Time management,Safety,Support,Student success,Talent sourcing,SQL,Sketch,Service management,Succession planning,Systems configuration,Power of attorney,Safety,Sales growth,Volunteer,Risk management,Strategic planning,Public health,Software design,Travel industry,Storyteller
Transcription,Social needs,Technical knowledge,Teaching and learning,Technical skills,Statistics,Strategy,Travel market,Team-building,Technology,Procurement,Safety documentation,SalesForce,Volunteer recruitment,Trauma nurse,Time of sale,Rehabilitation,Software engineering,Travel planning,Strong vocabulary
Travel arrangements,Socialization,Telemarketing,Teaching approaches,Technical support,Strategic planning,Technical skills,Travel tips,Training and development,Troubleshooting,Researched,Scheduled,SEO,Volunteer services,Treatment,Time to sell,Social services,Unit testing,Vendor management,Style guide
Travel planning,Self-control,Vendor relationships,Teaching methods,Video editing,Trust accounting,Typography,Vendor management,Union,Web strategy,Risk management,Staffing,Social media,Volunteer training,Treatment-planning,Turnkey,Substance abuse,User-focused,Vendor relations,Time management
Vendor management,Stamina,Verbal communication,Teaching skills,Video production,Vendor management,Visual,Vendor relations,Union relations,Wireless,Settled,Transportation logistics,Strategic marketing,Written communication,Vital signs,Vendor management,Third party,User interface design,Verbal communication,Verbal communication
Workflow,Supportive,Written communication,Technology-integrated,Visually appealing,Written communication,Web design,Vendor sourcing,Workforce training,Wireless networking,Trial law,Vendor relations,User engagement,Wrote press releases,Wellness,Virtual tours,Treatment planning,Version control,Written communication,Web copy
,,,,,,,Verbal communication,,,,Workflow,,,,,,,,Web writing